
insert into empresa(nome,licenca,contato_Empresa,Registro_ID) values("GOL","Pernambuco-ss1","(11)4003-2100","1");
insert into empresa(nome,licenca,contato_Empresa,Registro_ID) values("LATAM","Pernambuco-ss2","(11)3300-0000","2");
insert into empresa(nome,licenca,contato_Empresa,Registro_ID) values("AZUL","Pernambuco-ss3","(11)4001-5000","3");


insert into aeronave(Modelo_Aeronave,Registro_ID,Data_fabricacao,Quantidade,Registro_de_Aeronave) values("5.airbus 319",1,'2002-10-10',4,0001);
insert into aeronave(Modelo_Aeronave,Registro_ID,Data_fabricacao,Quantidade,Registro_de_Aeronave) values("2.boeing 707",2,'2003-10-05',2,0002);
insert into aeronave(Modelo_Aeronave,Registro_ID,Data_fabricacao,Quantidade,Registro_de_Aeronave) values("12.embraer 175",3,'2006-05-01',2,0003);
insert into aeronave(Modelo_Aeronave,Registro_ID,Data_fabricacao,Quantidade,Registro_de_Aeronave) values("14.embraer 195",2,'2009-10-08',4,0004);
insert into aeronave(Modelo_Aeronave,Registro_ID,Data_fabricacao,Quantidade,Registro_de_Aeronave) values("15.boeing 727",1,'2010-10-05',2,0005);
insert into aeronave(Modelo_Aeronave,Registro_ID,Data_fabricacao,Quantidade,Registro_de_Aeronave) values("11.ATR 72-500",3,'2011-03-06',3,0006);
insert into aeronave(Modelo_Aeronave,Registro_ID,Data_fabricacao,Quantidade,Registro_de_Aeronave) values("5.airbus 330-200",1,'2015-05-01',2,0007);
insert into aeronave(Modelo_Aeronave,Registro_ID,Data_fabricacao,Quantidade,Registro_de_Aeronave) values("9.airbus 330-200",2,'2017-12-09',1,0008);
insert into aeronave(Modelo_Aeronave,Registro_ID,Data_fabricacao,Quantidade,Registro_de_Aeronave) values("12.embraer 175",3,'2005-10-01',2,0009);
insert into aeronave(Modelo_Aeronave,Registro_ID,Data_fabricacao,Quantidade,Registro_de_Aeronave) values("11.ATR 72-500",2,'2010-12-06',3,0010);
insert into aeronave(Modelo_Aeronave,Registro_ID,Data_fabricacao,Quantidade,Registro_de_Aeronave) values("9.airbus 330-200",1,'2016-12-10',1,0011);
insert into aeronave(Modelo_Aeronave,Registro_ID,Data_fabricacao,Quantidade,Registro_de_Aeronave) values("9.airbus 330-200",3,'2012-01-06',2,0012);
insert into aeronave(Modelo_Aeronave,Registro_ID,Data_fabricacao,Quantidade,Registro_de_Aeronave) values("9.airbus 330-200",2,'2007-01-09',1,0013);
insert into aeronave(Modelo_Aeronave,Registro_ID,Data_fabricacao,Quantidade,Registro_de_Aeronave) values("11.ATR 72-500",1,'2008-07-01',2,0014);
insert into aeronave(Modelo_Aeronave,Registro_ID,Data_fabricacao,Quantidade,Registro_de_Aeronave) values("9.airbus 330-200",3,'2009-10-04',3,0015);


insert into cliente_cadastro(Nome,Nacionalidade,idade,Registro_de_passaporte) values("Lucas silva","Brasileiro",24,4795428);
insert into cliente_cadastro(Nome,Nacionalidade,idade,Registro_de_passaporte) values("Ricardo Antonio","Brasileiro",28,6984231);
insert into cliente_cadastro(Nome,Nacionalidade,idade,Registro_de_passaporte) values("Matheus Costa","Brasileiro",21,8745621);
insert into cliente_cadastro(Nome,Nacionalidade,idade,Registro_de_passaporte) values("José Mendes","Brasileiro",26,1793256);
insert into cliente_cadastro(Nome,Nacionalidade,idade,Registro_de_passaporte) values("Neymar Avelina","Brasileiro",28,1462478);
insert into cliente_cadastro(Nome,Nacionalidade,idade,Registro_de_passaporte) values("Douglas Santana","Brasileiro",23,6947428);
insert into cliente_cadastro(Nome,Nacionalidade,idade,Registro_de_passaporte) values("Juliana Jesus","Brasileiro",29,1595428);
insert into cliente_cadastro(Nome,Nacionalidade,idade,Registro_de_passaporte) values("Amanda Rondon","Brasileiro",24,1935795);
insert into cliente_cadastro(Nome,Nacionalidade,idade,Registro_de_passaporte) values("Thais Barros","Brasileiro",25,1463259);
insert into cliente_cadastro(Nome,Nacionalidade,idade,Registro_de_passaporte) values("Joelma DORES","Brasileiro",27,1987456);
insert into cliente_cadastro(Nome,Nacionalidade,idade,Registro_de_passaporte) values("Juracy Souza","Brasileiro",20,1473578);
insert into cliente_cadastro(Nome,Nacionalidade,idade,Registro_de_passaporte) values("Gisley Pereira","Brasileiro",36,1489634);
insert into cliente_cadastro(Nome,Nacionalidade,idade,Registro_de_passaporte) values("Sonia Rodrigues","Brasileiro",37,1479463);
insert into cliente_cadastro(Nome,Nacionalidade,idade,Registro_de_passaporte) values("Maria Campos","Brasileiro",19,1365479);
insert into cliente_cadastro(Nome,Nacionalidade,idade,Registro_de_passaporte) values("João Dias","Brasileiro",29,1458745);


insert into funcionario(Nome,Registro_ID) values("João",1);
insert into funcionario(Nome,Registro_ID) values("Marcos",2);
insert into funcionario(Nome,Registro_ID) values("Ikaro",3);
insert into funcionario(Nome,Registro_ID) values("Marcela",3);
insert into funcionario(Nome,Registro_ID) values("Juliana",2);
insert into funcionario(Nome,Registro_ID) values("Amanda",2);
insert into funcionario(Nome,Registro_ID) values("Pedro",1);
insert into funcionario(Nome,Registro_ID) values("José",2);
insert into funcionario(Nome,Registro_ID) values("Nilton",3);
insert into funcionario(Nome,Registro_ID) values("Priscila",1);
insert into funcionario(Nome,Registro_ID) values("Bruna",1);
insert into funcionario(Nome,Registro_ID) values("Antônia",2);
insert into funcionario(Nome,Registro_ID) values("Junior",3);
insert into funcionario(Nome,Registro_ID) values("Everton",2);
insert into funcionario(Nome,Registro_ID) values("Jesiel",1);


insert into reserva(Data_Validade,Registro_de_passaporte,ID_Reserva) values ('2022-12-10',4795428,0001);
insert into reserva(Data_Validade,Registro_de_passaporte,ID_Reserva) values ('2022-12-12',6984231,0002);
insert into reserva(Data_Validade,Registro_de_passaporte,ID_Reserva) values ('2022-12-12',8745621,0003);
insert into reserva(Data_Validade,Registro_de_passaporte,ID_Reserva) values ('2022-12-18',1793256,0004);
insert into reserva(Data_Validade,Registro_de_passaporte,ID_Reserva) values ('2022-12-20',1462478,0005);
insert into reserva(Data_Validade,Registro_de_passaporte,ID_Reserva) values ('2022-12-21',6947428,0006);
insert into reserva(Data_Validade,Registro_de_passaporte,ID_Reserva) values ('2022-12-23',1595428,0007);
insert into reserva(Data_Validade,Registro_de_passaporte,ID_Reserva) values ('2022-12-24',1935795,0008);
insert into reserva(Data_Validade,Registro_de_passaporte,ID_Reserva) values ('2022-12-26',1463259,0009);
insert into reserva(Data_Validade,Registro_de_passaporte,ID_Reserva) values ('2022-12-27',1987456,0010);
insert into reserva(Data_Validade,Registro_de_passaporte,ID_Reserva) values ('2022-12-28',1473578,0011);
insert into reserva(Data_Validade,Registro_de_passaporte,ID_Reserva) values ('2022-12-29',1489634,0012);
insert into reserva(Data_Validade,Registro_de_passaporte,ID_Reserva) values ('2022-12-30',1479463,0013);
insert into reserva(Data_Validade,Registro_de_passaporte,ID_Reserva) values ('2022-12-31',1365479,0014);
insert into reserva(Data_Validade,Registro_de_passaporte,ID_Reserva) values ('2022-12-31',1458745,0015);


insert into voos_disponivel(Origem,Destino,Empresa,Status_,ID) values ("REC","SAO","GOL","Disponível",1);
insert into voos_disponivel(Origem,Destino,Empresa,Status_,ID) values ("REC","RIO","AZUL","Disponível",2);
insert into voos_disponivel(Origem,Destino,Empresa,Status_,ID) values ("REC","BHZ","LATAM","Disponível",3);
insert into voos_disponivel(Origem,Destino,Empresa,Status_,ID) values ("REC","CWB","LATAM","Disponível",4);
insert into voos_disponivel(Origem,Destino,Empresa,Status_,ID) values ("REC","MAO","AZUL","Disponível",5);
insert into voos_disponivel(Origem,Destino,Empresa,Status_,ID) values ("REC","BEL","AZUL","Disponível",6);
insert into voos_disponivel(Origem,Destino,Empresa,Status_,ID) values ("REC","JPA","GOL","Disponível",7);
insert into voos_disponivel(Origem,Destino,Empresa,Status_,ID) values ("REC","BSB","GOL","Disponível",8);
insert into voos_disponivel(Origem,Destino,Empresa,Status_,ID) values ("REC","POA","AZUL","Disponível",9);
insert into voos_disponivel(Origem,Destino,Empresa,Status_,ID) values ("REC","PNZ","LATAM","Disponível",10);
insert into voos_disponivel(Origem,Destino,Empresa,Status_,ID) values ("REC","RBR","AZUL","Disponível",11);
insert into voos_disponivel(Origem,Destino,Empresa,Status_,ID) values ("REC","FEN","GOL","Disponível",12);
insert into voos_disponivel(Origem,Destino,Empresa,Status_,ID) values ("REC","CGR","GOL","Disponível",13);
insert into voos_disponivel(Origem,Destino,Empresa,Status_,ID) values ("REC","NAT","LATAM","Disponível",14);
insert into voos_disponivel(Origem,Destino,Empresa,Status_,ID) values ("REC","FOR","AZUL","Disponível",15);


insert into trechos_de_voos(Aeroporto,Origem,Destino,Data_Trechos,Hora,ID_voo) values ("Aeroporto dos Guararapes","REC","SAO",'2022-12-10','13:00',1);
insert into trechos_de_voos(Aeroporto,Origem,Destino,Data_Trechos,Hora,ID_voo) values ("Aeroporto dos Guararapes","REC","RIO",'2022-12-12','14:00',2);
insert into trechos_de_voos(Aeroporto,Origem,Destino,Data_Trechos,Hora,ID_voo) values ("Aeroporto dos Guararapes","REC","BHZ",'2022-12-16','15:00',3);
insert into trechos_de_voos(Aeroporto,Origem,Destino,Data_Trechos,Hora,ID_voo) values ("Aeroporto dos Guararapes","REC","CWB",'2022-12-18','16:00',4);
insert into trechos_de_voos(Aeroporto,Origem,Destino,Data_Trechos,Hora,ID_voo) values ("Aeroporto dos Guararapes","REC","MAO",'2022-12-20','17:00',5);
insert into trechos_de_voos(Aeroporto,Origem,Destino,Data_Trechos,Hora,ID_voo) values ("Aeroporto dos Guararapes","REC","BEL",'2022-12-25','18:00',6);
insert into trechos_de_voos(Aeroporto,Origem,Destino,Data_Trechos,Hora,ID_voo) values ("Aeroporto dos Guararapes","REC","JPA",'2022-12-23','19:00',7);
insert into trechos_de_voos(Aeroporto,Origem,Destino,Data_Trechos,Hora,ID_voo) values ("Aeroporto dos Guararapes","REC","BSB",'2022-12-24','20:00',8);
insert into trechos_de_voos(Aeroporto,Origem,Destino,Data_Trechos,Hora,ID_voo) values ("Aeroporto dos Guararapes","REC","POA",'2022-12-26','20:30',9);
insert into trechos_de_voos(Aeroporto,Origem,Destino,Data_Trechos,Hora,ID_voo) values ("Aeroporto dos Guararapes","REC","PNZ",'2022-12-27','21:00',10);
insert into trechos_de_voos(Aeroporto,Origem,Destino,Data_Trechos,Hora,ID_voo) values ("Aeroporto dos Guararapes","REC","RBR",'2022-12-28','21:30',11);
insert into trechos_de_voos(Aeroporto,Origem,Destino,Data_Trechos,Hora,ID_voo) values ("Aeroporto dos Guararapes","REC","FEN",'2022-12-29','22:00',12);
insert into trechos_de_voos(Aeroporto,Origem,Destino,Data_Trechos,Hora,ID_voo) values ("Aeroporto dos Guararapes","REC","CGR",'2022-12-30','22:30',13);
insert into trechos_de_voos(Aeroporto,Origem,Destino,Data_Trechos,Hora,ID_voo) values ("Aeroporto dos Guararapes","REC","NAT",'2022-12-31','23:00',14);
insert into trechos_de_voos(Aeroporto,Origem,Destino,Data_Trechos,Hora,ID_voo) values ("Aeroporto dos Guararapes","REC","FOR",'2022-12-31','23:00',15);


insert into passageiros(ID_Reserva,Registro_de_passaporte,cancelamento,Prorrogacao) values (0001,4795428,'2022-04-10','2022-04-15');
insert into passageiros(ID_Reserva,Registro_de_passaporte,cancelamento,Prorrogacao) values (0002,6984231,'2022-05-10','2022-05-15');
insert into passageiros(ID_Reserva,Registro_de_passaporte,cancelamento,Prorrogacao) values (0003,8745621,'2022-06-15','2022-06-20');
insert into passageiros(ID_Reserva,Registro_de_passaporte,cancelamento,Prorrogacao) values (0004,1793256,'2022-07-15','2022-07-25');
insert into passageiros(ID_Reserva,Registro_de_passaporte,cancelamento,Prorrogacao) values (0005,1462478,'2022-05-12','2022-05-15');
insert into passageiros(ID_Reserva,Registro_de_passaporte,cancelamento,Prorrogacao) values (0006,6947428,'2022-04-12','2022-04-16');
insert into passageiros(ID_Reserva,Registro_de_passaporte,cancelamento,Prorrogacao) values (0007,1595428,'2022-02-10','2022-02-15');
insert into passageiros(ID_Reserva,Registro_de_passaporte,cancelamento,Prorrogacao) values (0008,1935795,'2022-09-10','2022-09-15');
insert into passageiros(ID_Reserva,Registro_de_passaporte,cancelamento,Prorrogacao) values (0009,1463259,'2022-10-10','2022-10-15');
insert into passageiros(ID_Reserva,Registro_de_passaporte,cancelamento,Prorrogacao) values (0010,1987456,'2022-11-10','2022-11-15');
insert into passageiros(ID_Reserva,Registro_de_passaporte,cancelamento,Prorrogacao) values (0011,1473578,'2022-12-10','2022-12-15');
insert into passageiros(ID_Reserva,Registro_de_passaporte,cancelamento,Prorrogacao) values (0012,1489634,'2022-01-10','2022-01-15');
insert into passageiros(ID_Reserva,Registro_de_passaporte,cancelamento,Prorrogacao) values (0013,1479463,'2022-02-10','2022-02-15');
insert into passageiros(ID_Reserva,Registro_de_passaporte,cancelamento,Prorrogacao) values (0014,1365479,'2022-03-10','2022-03-15');
insert into passageiros(ID_Reserva,Registro_de_passaporte,cancelamento,Prorrogacao) values (0015,1458745,'2022-08-10','2022-08-15');